ID,图片编号,小区图片,image_urls
ce2e102d5599f55deb33454fb419c876,1,ce2e102d5599f55deb33454fb419c876_1,https://image1.ljcdn.com/hdic-resblock/8d8fd9ac-59bd-4975-86c7-e0930d5ec761.jpg.710x400.jpg
ce2e102d5599f55deb33454fb419c876,2,ce2e102d5599f55deb33454fb419c876_2,https://image1.ljcdn.com/hdic-resblock/9b65d832-f8f6-412d-a419-1f9ff13ca9d3.jpg.710x400.jpg
ce2e102d5599f55deb33454fb419c876,3,ce2e102d5599f55deb33454fb419c876_3,https://image1.ljcdn.com/hdic-resblock/74af7dad-3ef7-412f-af97-7d6e52e6cd5c.jpg.710x400.jpg
ce2e102d5599f55deb33454fb419c876,4,ce2e102d5599f55deb33454fb419c876_4,https://image1.ljcdn.com/hdic-resblock/fa3006aa-9956-4cce-b901-40888bf21f95.jpg.710x400.jpg
d5d156772823c8ae2383e9b610a796ce,1,d5d156772823c8ae2383e9b610a796ce_1,https://image1.ljcdn.com/hdic-resblock/90fec4fd-7bfd-4f38-a7e0-90e01d470670.jpg.710x400.jpg
d5d156772823c8ae2383e9b610a796ce,2,d5d156772823c8ae2383e9b610a796ce_2,https://image1.ljcdn.com/hdic-resblock/d5ebe579-d74d-408a-98eb-8ccab6cf2ff3.jpg.710x400.jpg
d5d156772823c8ae2383e9b610a796ce,3,d5d156772823c8ae2383e9b610a796ce_3,https://image1.ljcdn.com/hdic-resblock/e0f98390-35c1-4530-8345-fd74eb6b3401.jpg.710x400.jpg
d5d156772823c8ae2383e9b610a796ce,4,d5d156772823c8ae2383e9b610a796ce_4,https://image1.ljcdn.com/hdic-resblock/0a60fb3b-013b-4f8d-bffb-e5db00d2e14f.jpg.710x400.jpg
d5d156772823c8ae2383e9b610a796ce,5,d5d156772823c8ae2383e9b610a796ce_5,https://image1.ljcdn.com/hdic-resblock/1dbc0a06-8acf-48e6-a5e4-e5543d14cbe1.jpg.710x400.jpg
d5d156772823c8ae2383e9b610a796ce,6,d5d156772823c8ae2383e9b610a796ce_6,https://image1.ljcdn.com/hdic-resblock/9c5dba62-cb8c-49a9-9aba-45d97a5f695e.jpg.710x400.jpg
d5d156772823c8ae2383e9b610a796ce,7,d5d156772823c8ae2383e9b610a796ce_7,https://image1.ljcdn.com/hdic-resblock/4f87d392-6021-432d-9eae-aa9263e4c405.jpg.710x400.jpg
d5d156772823c8ae2383e9b610a796ce,8,d5d156772823c8ae2383e9b610a796ce_8,https://image1.ljcdn.com/hdic-resblock/dce85a33-8626-48e3-bf52-49cb68e9aab2.jpg.710x400.jpg
d5d156772823c8ae2383e9b610a796ce,9,d5d156772823c8ae2383e9b610a796ce_9,https://image1.ljcdn.com/hdic-resblock/a6e578f0-ed17-4167-8419-0992d2e055b0.jpg.710x400.jpg
d5d156772823c8ae2383e9b610a796ce,10,d5d156772823c8ae2383e9b610a796ce_10,https://image1.ljcdn.com/hdic-resblock/493fab20-123c-466c-9654-27149cd50eee.jpg.710x400.jpg
d5d156772823c8ae2383e9b610a796ce,11,d5d156772823c8ae2383e9b610a796ce_11,https://image1.ljcdn.com/hdic-resblock/80b45ef3-a0a9-4bf2-89d3-f93b34c5fca7.jpg.710x400.jpg
d5d156772823c8ae2383e9b610a796ce,12,d5d156772823c8ae2383e9b610a796ce_12,https://image1.ljcdn.com/hdic-resblock/ac0b624c-0f75-40c5-8c15-af92a6c09c9b.jpg.710x400.jpg
d5d156772823c8ae2383e9b610a796ce,13,d5d156772823c8ae2383e9b610a796ce_13,https://image1.ljcdn.com/hdic-resblock/ea6bcb97-236c-42d5-bd86-d1f5e725960f.jpg.710x400.jpg
d5d156772823c8ae2383e9b610a796ce,14,d5d156772823c8ae2383e9b610a796ce_14,https://image1.ljcdn.com/hdic-resblock/24c7df98-de5a-4459-aba2-67d78b16684e.jpg.710x400.jpg
d5d156772823c8ae2383e9b610a796ce,15,d5d156772823c8ae2383e9b610a796ce_15,https://image1.ljcdn.com/hdic-resblock/2780ddae-32f4-4c6c-90ea-a810b0abc6d6.jpg.710x400.jpg
d5d156772823c8ae2383e9b610a796ce,16,d5d156772823c8ae2383e9b610a796ce_16,https://image1.ljcdn.com/hdic-resblock/76d2fa62-9638-494f-ad8b-2e0cf1397ad5.jpg.710x400.jpg
17c696661b82940b24d3713a81aaf7b8,1,17c696661b82940b24d3713a81aaf7b8_1,https://image1.ljcdn.com/hdic-resblock/e9f30612-70f3-4044-8594-21fca46186b6.jpg.710x400.jpg
17c696661b82940b24d3713a81aaf7b8,2,17c696661b82940b24d3713a81aaf7b8_2,https://image1.ljcdn.com/hdic-resblock/d84f6177-9a26-4b64-bdb5-e1c16fc61812.jpg.710x400.jpg
18334dc829a22259d808b43e1d029824,1,18334dc829a22259d808b43e1d029824_1,https://image1.ljcdn.com/hdic-resblock/8fb41858-2854-421e-87f5-579c6c756c24.jpg.710x400.jpg
18334dc829a22259d808b43e1d029824,2,18334dc829a22259d808b43e1d029824_2,https://image1.ljcdn.com/hdic-resblock/751dcd7d-6e60-4846-8bd1-66465705937d.jpg.710x400.jpg
18334dc829a22259d808b43e1d029824,3,18334dc829a22259d808b43e1d029824_3,https://image1.ljcdn.com/hdic-resblock/a72ce5f9-5161-43c9-8558-1602bcb2ddd8.jpg.710x400.jpg
18334dc829a22259d808b43e1d029824,4,18334dc829a22259d808b43e1d029824_4,https://image1.ljcdn.com/hdic-resblock/8f263238-2a1a-4cfe-a395-68ff56380deb.jpg.710x400.jpg
18334dc829a22259d808b43e1d029824,5,18334dc829a22259d808b43e1d029824_5,https://image1.ljcdn.com/hdic-resblock/4adfcc1e-e9a1-4665-b1d0-bc0034021d51.jpg.710x400.jpg
18334dc829a22259d808b43e1d029824,6,18334dc829a22259d808b43e1d029824_6,https://image1.ljcdn.com/hdic-resblock/ee4d520b-9210-4b27-ad55-ba2dae15e810.jpg.710x400.jpg
18334dc829a22259d808b43e1d029824,7,18334dc829a22259d808b43e1d029824_7,https://image1.ljcdn.com/hdic-resblock/8a7b4f44-7fde-4502-b383-8c70f5841a5e.jpg.710x400.jpg
18334dc829a22259d808b43e1d029824,8,18334dc829a22259d808b43e1d029824_8,https://image1.ljcdn.com/hdic-resblock/6f474994-4a54-4db6-939c-7e375bc57a5c.jpg.710x400.jpg
18334dc829a22259d808b43e1d029824,9,18334dc829a22259d808b43e1d029824_9,https://image1.ljcdn.com/hdic-resblock/2c44e6ae-d888-4660-934e-f497481b4b0b.jpg.710x400.jpg
18334dc829a22259d808b43e1d029824,10,18334dc829a22259d808b43e1d029824_10,https://image1.ljcdn.com/hdic-resblock/2a24f264-f2aa-43b6-977d-93b5ee58b856.jpg.710x400.jpg
18334dc829a22259d808b43e1d029824,11,18334dc829a22259d808b43e1d029824_11,https://image1.ljcdn.com/hdic-resblock/a5e13d61-b882-40f9-b18b-eecd71a179d9.jpg.710x400.jpg
18334dc829a22259d808b43e1d029824,12,18334dc829a22259d808b43e1d029824_12,https://image1.ljcdn.com/hdic-resblock/6541078a-88a5-49ee-ab57-5177ee71a54b.jpg.710x400.jpg
18334dc829a22259d808b43e1d029824,13,18334dc829a22259d808b43e1d029824_13,https://image1.ljcdn.com/hdic-resblock/05ea8b74-c748-4821-b373-1e321fbae7bf.jpg.710x400.jpg
18334dc829a22259d808b43e1d029824,14,18334dc829a22259d808b43e1d029824_14,https://image1.ljcdn.com/hdic-resblock/e74a7f7d-e9e7-4052-9ec1-e89876f23429.jpg.710x400.jpg
18334dc829a22259d808b43e1d029824,15,18334dc829a22259d808b43e1d029824_15,https://image1.ljcdn.com/hdic-resblock/b35d787a-99b9-4161-a012-461b27caf067.jpg.710x400.jpg
18334dc829a22259d808b43e1d029824,16,18334dc829a22259d808b43e1d029824_16,https://image1.ljcdn.com/hdic-resblock/0ca9c520-f64f-4107-9e43-a4aed80970e7.jpg.710x400.jpg
18334dc829a22259d808b43e1d029824,17,18334dc829a22259d808b43e1d029824_17,https://image1.ljcdn.com/hdic-resblock/651d01e5-394d-49ae-940c-49d40350716e.jpg.710x400.jpg
0162518c50d63d5ce740ce27822699d3,1,0162518c50d63d5ce740ce27822699d3_1,https://image1.ljcdn.com/hdic-resblock/7ac39480-61e9-4b6d-9681-97feac99e8ec.jpg.710x400.jpg
0162518c50d63d5ce740ce27822699d3,2,0162518c50d63d5ce740ce27822699d3_2,https://image1.ljcdn.com/hdic-resblock/139af3d3-c5b5-4493-b9ca-f79456be2a8b.jpg.710x400.jpg
0162518c50d63d5ce740ce27822699d3,3,0162518c50d63d5ce740ce27822699d3_3,https://image1.ljcdn.com/hdic-resblock/3200399e-7935-42c7-9935-06f0bdda9bb8.jpg.710x400.jpg
0162518c50d63d5ce740ce27822699d3,4,0162518c50d63d5ce740ce27822699d3_4,https://image1.ljcdn.com/hdic-resblock/984bd818-8aa4-480e-b154-01152e6da74b.JPG.710x400.jpg
0162518c50d63d5ce740ce27822699d3,5,0162518c50d63d5ce740ce27822699d3_5,https://image1.ljcdn.com/hdic-resblock/c941b7bb-bf47-451d-86c5-71e32247a5d8.JPG.710x400.jpg
0162518c50d63d5ce740ce27822699d3,6,0162518c50d63d5ce740ce27822699d3_6,https://image1.ljcdn.com/hdic-resblock/1dc149e0-36d9-41e5-871d-15da7f93a3a2.JPG.710x400.jpg
0162518c50d63d5ce740ce27822699d3,7,0162518c50d63d5ce740ce27822699d3_7,https://image1.ljcdn.com/hdic-resblock/0b0cd3b9-90b9-424f-aad8-8e8aa5e4a9c8.JPG.710x400.jpg
0162518c50d63d5ce740ce27822699d3,8,0162518c50d63d5ce740ce27822699d3_8,https://image1.ljcdn.com/hdic-resblock/2ba95a0d-8c5a-4f66-a1f7-82f98141458d.JPG.710x400.jpg
0162518c50d63d5ce740ce27822699d3,9,0162518c50d63d5ce740ce27822699d3_9,https://image1.ljcdn.com/hdic-resblock/2ac04169-fefa-4036-beec-3df074e9d012.JPG.710x400.jpg
0162518c50d63d5ce740ce27822699d3,10,0162518c50d63d5ce740ce27822699d3_10,https://image1.ljcdn.com/hdic-resblock/b2235660-9ac4-4ff4-8cdd-9247f2ed8e74.jpg.710x400.jpg
0162518c50d63d5ce740ce27822699d3,11,0162518c50d63d5ce740ce27822699d3_11,https://image1.ljcdn.com/hdic-resblock/a8acb9f5-64aa-41a7-b679-643c521f0f41.JPG.710x400.jpg
0162518c50d63d5ce740ce27822699d3,12,0162518c50d63d5ce740ce27822699d3_12,https://image1.ljcdn.com/hdic-resblock/561ae01c-0f36-47fe-b058-2a0a241a91b4.JPG.710x400.jpg
0162518c50d63d5ce740ce27822699d3,13,0162518c50d63d5ce740ce27822699d3_13,https://image1.ljcdn.com/hdic-resblock/3f669cae-1e58-4c90-9d86-f1dd814c310c.JPG.710x400.jpg
0162518c50d63d5ce740ce27822699d3,14,0162518c50d63d5ce740ce27822699d3_14,https://image1.ljcdn.com/hdic-resblock/6fd5aa90-9cd9-409a-87d9-e00b7dc83557.JPG.710x400.jpg
0162518c50d63d5ce740ce27822699d3,15,0162518c50d63d5ce740ce27822699d3_15,https://image1.ljcdn.com/hdic-resblock/a3cb718e-0a90-4780-a615-7e96b70d51c3.JPG.710x400.jpg
0162518c50d63d5ce740ce27822699d3,16,0162518c50d63d5ce740ce27822699d3_16,https://image1.ljcdn.com/hdic-resblock/aff0ebad-7a97-488a-85c6-0b8c772e8b21.JPG.710x400.jpg
0162518c50d63d5ce740ce27822699d3,17,0162518c50d63d5ce740ce27822699d3_17,https://image1.ljcdn.com/hdic-resblock/6a7670cf-2c25-4cc8-9fcd-762c238464c7.JPG.710x400.jpg
0162518c50d63d5ce740ce27822699d3,18,0162518c50d63d5ce740ce27822699d3_18,https://image1.ljcdn.com/hdic-resblock/8ca6d476-a386-4f01-9b7c-443886d0ce1f.JPG.710x400.jpg
46931c05e760dcd7d8bae2aa64de1409,1,46931c05e760dcd7d8bae2aa64de1409_1,https://image1.ljcdn.com/hdic-resblock/e8633b9c-81b7-4d34-bcc0-70ba45db85dc.jpg.710x400.jpg
46931c05e760dcd7d8bae2aa64de1409,2,46931c05e760dcd7d8bae2aa64de1409_2,https://image1.ljcdn.com/hdic-resblock/10e6fb8e-24ce-47dd-9d05-f58488170aae.jpg.710x400.jpg
46931c05e760dcd7d8bae2aa64de1409,3,46931c05e760dcd7d8bae2aa64de1409_3,https://image1.ljcdn.com/hdic-resblock/2af63c0f-07fe-4331-95ed-35381a964791.jpg.710x400.jpg
46931c05e760dcd7d8bae2aa64de1409,4,46931c05e760dcd7d8bae2aa64de1409_4,https://image1.ljcdn.com/hdic-resblock/84e4fcdf-5d4a-4834-9e62-6fc9f8ddd59a.jpg.710x400.jpg
46931c05e760dcd7d8bae2aa64de1409,5,46931c05e760dcd7d8bae2aa64de1409_5,https://image1.ljcdn.com/hdic-resblock/14bf8ba1-897e-4c86-8f89-9995b02fb3ce.jpg.710x400.jpg
46931c05e760dcd7d8bae2aa64de1409,6,46931c05e760dcd7d8bae2aa64de1409_6,https://image1.ljcdn.com/hdic-resblock/2e07548b-2cf3-42fa-bbc7-6019459cd2c5.jpg.710x400.jpg
46931c05e760dcd7d8bae2aa64de1409,7,46931c05e760dcd7d8bae2aa64de1409_7,https://image1.ljcdn.com/hdic-resblock/374ffdfc-4c18-4f25-ae7e-9f7c65449244.jpg.710x400.jpg
46931c05e760dcd7d8bae2aa64de1409,8,46931c05e760dcd7d8bae2aa64de1409_8,https://image1.ljcdn.com/hdic-resblock/81d714cf-16ed-450e-aecf-2df040b06862.jpg.710x400.jpg
46931c05e760dcd7d8bae2aa64de1409,9,46931c05e760dcd7d8bae2aa64de1409_9,https://image1.ljcdn.com/hdic-resblock/211d9243-48dc-4e21-843f-8bf693549707.jpg.710x400.jpg
46931c05e760dcd7d8bae2aa64de1409,10,46931c05e760dcd7d8bae2aa64de1409_10,https://image1.ljcdn.com/hdic-resblock/e213850a-3869-4ea1-b580-c86bb81513dc.jpg.710x400.jpg
3db735deea9e134442d9bf93adf52b98,1,3db735deea9e134442d9bf93adf52b98_1,https://image1.ljcdn.com/hdic-resblock/cc6c5fed-fc93-44c1-9dcd-661d7658cb2e.jpg.710x400.jpg
3db735deea9e134442d9bf93adf52b98,2,3db735deea9e134442d9bf93adf52b98_2,https://image1.ljcdn.com/hdic-resblock/06591e21-52e3-46b8-82cb-3d636a60f4d3.jpg.710x400.jpg
3db735deea9e134442d9bf93adf52b98,3,3db735deea9e134442d9bf93adf52b98_3,https://image1.ljcdn.com/hdic-resblock/0541a27c-f14f-4008-a6f1-bef9f96073eb.jpg.710x400.jpg
3db735deea9e134442d9bf93adf52b98,4,3db735deea9e134442d9bf93adf52b98_4,https://image1.ljcdn.com/hdic-resblock/ec973c9f-e300-4f4f-95f1-f6da0eac3ed1.jpg.710x400.jpg
3db735deea9e134442d9bf93adf52b98,5,3db735deea9e134442d9bf93adf52b98_5,https://image1.ljcdn.com/hdic-resblock/2b01ba4b-ff98-4989-af79-bf258b84654b.jpg.710x400.jpg
3db735deea9e134442d9bf93adf52b98,6,3db735deea9e134442d9bf93adf52b98_6,https://image1.ljcdn.com/hdic-resblock/094015b7-e34c-4261-8e45-44e47deff4eb.jpg.710x400.jpg
3db735deea9e134442d9bf93adf52b98,7,3db735deea9e134442d9bf93adf52b98_7,https://image1.ljcdn.com/hdic-resblock/891bb08a-1d3a-49e5-9e4b-4c255b1819ef.jpg.710x400.jpg
3db735deea9e134442d9bf93adf52b98,8,3db735deea9e134442d9bf93adf52b98_8,https://image1.ljcdn.com/hdic-resblock/33553455-4756-4b00-8b5c-423013394c8e.jpg.710x400.jpg
3db735deea9e134442d9bf93adf52b98,9,3db735deea9e134442d9bf93adf52b98_9,https://image1.ljcdn.com/hdic-resblock/433d8eba-fb2f-4789-b2d7-da299730429f.jpg.710x400.jpg
3db735deea9e134442d9bf93adf52b98,10,3db735deea9e134442d9bf93adf52b98_10,https://image1.ljcdn.com/hdic-resblock/b4fd0e27-20d5-4e64-adb1-a885c70bac4e.jpg.710x400.jpg
3db735deea9e134442d9bf93adf52b98,11,3db735deea9e134442d9bf93adf52b98_11,https://image1.ljcdn.com/hdic-resblock/baa306b8-ea72-4037-9d84-5508642aee5a.jpg.710x400.jpg
3db735deea9e134442d9bf93adf52b98,12,3db735deea9e134442d9bf93adf52b98_12,https://image1.ljcdn.com/hdic-resblock/46d8e32f-5272-4048-a7a8-c7124182fafd.jpg.710x400.jpg
3db735deea9e134442d9bf93adf52b98,13,3db735deea9e134442d9bf93adf52b98_13,https://image1.ljcdn.com/hdic-resblock/294d0a44-cc7e-410d-b881-b4f143c00f0c.jpg.710x400.jpg
3db735deea9e134442d9bf93adf52b98,14,3db735deea9e134442d9bf93adf52b98_14,https://image1.ljcdn.com/hdic-resblock/e1db58b3-c6a8-43ad-9ed5-9eb3f7561208.jpg.710x400.jpg
3db735deea9e134442d9bf93adf52b98,15,3db735deea9e134442d9bf93adf52b98_15,https://image1.ljcdn.com/hdic-resblock/52925802-0ad8-4d56-ba16-7875042d0b42.jpg.710x400.jpg
f0afc9484be0813bf9d6a71ee6dba0a2,1,f0afc9484be0813bf9d6a71ee6dba0a2_1,https://image1.ljcdn.com/hdic-resblock/7ffc92ad-6965-4dc1-838d-40feb9d6543f.jpg.710x400.jpg
f0afc9484be0813bf9d6a71ee6dba0a2,2,f0afc9484be0813bf9d6a71ee6dba0a2_2,https://image1.ljcdn.com/hdic-resblock/be83aec4-a636-42c9-9b24-db450b4a5213.jpg.710x400.jpg
f0afc9484be0813bf9d6a71ee6dba0a2,3,f0afc9484be0813bf9d6a71ee6dba0a2_3,https://image1.ljcdn.com/hdic-resblock/5db9712c-3337-4566-87d6-5ec7e4fec4d3.jpg.710x400.jpg
f0afc9484be0813bf9d6a71ee6dba0a2,4,f0afc9484be0813bf9d6a71ee6dba0a2_4,https://image1.ljcdn.com/hdic-resblock/b5454ee0-c300-4c73-a038-0b606b2d74f6.jpg.710x400.jpg
f0afc9484be0813bf9d6a71ee6dba0a2,5,f0afc9484be0813bf9d6a71ee6dba0a2_5,https://image1.ljcdn.com/hdic-resblock/2c7a9ca6-716c-4a50-b334-cfb5f6cb4e8b.jpg.710x400.jpg
f0afc9484be0813bf9d6a71ee6dba0a2,6,f0afc9484be0813bf9d6a71ee6dba0a2_6,https://image1.ljcdn.com/hdic-resblock/e5222170-3592-46bd-b413-057a224d3e84.jpg.710x400.jpg
f0afc9484be0813bf9d6a71ee6dba0a2,7,f0afc9484be0813bf9d6a71ee6dba0a2_7,https://image1.ljcdn.com/hdic-resblock/b4f8d56b-82ac-4f53-9caf-f0d6210142ab.jpg.710x400.jpg
f0afc9484be0813bf9d6a71ee6dba0a2,8,f0afc9484be0813bf9d6a71ee6dba0a2_8,https://image1.ljcdn.com/hdic-resblock/6050aae3-5202-419e-a8f6-3a3902e510dc.jpg.710x400.jpg
ec5396c1c5b1dee5677e6cd32a8fc0b4,1,ec5396c1c5b1dee5677e6cd32a8fc0b4_1,https://image1.ljcdn.com/hdic-resblock/3cbc37b2-d87e-4c3f-85a0-f60e7754a830.jpg.710x400.jpg
ec5396c1c5b1dee5677e6cd32a8fc0b4,2,ec5396c1c5b1dee5677e6cd32a8fc0b4_2,https://image1.ljcdn.com/hdic-resblock/f11b2d2f-7390-4e2c-9e30-830ea9adc6d8.jpg.710x400.jpg
ec5396c1c5b1dee5677e6cd32a8fc0b4,3,ec5396c1c5b1dee5677e6cd32a8fc0b4_3,https://image1.ljcdn.com/hdic-resblock/1f1f4aab-e136-4471-b201-24b92d1137a8.jpg.710x400.jpg
ec5396c1c5b1dee5677e6cd32a8fc0b4,4,ec5396c1c5b1dee5677e6cd32a8fc0b4_4,https://image1.ljcdn.com/hdic-resblock/c81716d2-5073-4250-8fa8-3125646137e4.jpg.710x400.jpg
ec5396c1c5b1dee5677e6cd32a8fc0b4,5,ec5396c1c5b1dee5677e6cd32a8fc0b4_5,https://image1.ljcdn.com/hdic-resblock/0ad77c52-6aa3-4acf-8dad-bdd7c14d6c20.jpg.710x400.jpg
ec5396c1c5b1dee5677e6cd32a8fc0b4,6,ec5396c1c5b1dee5677e6cd32a8fc0b4_6,https://image1.ljcdn.com/hdic-resblock/006412a7-ae3d-414c-a34d-d56667a5ad9a.jpg.710x400.jpg
ec5396c1c5b1dee5677e6cd32a8fc0b4,7,ec5396c1c5b1dee5677e6cd32a8fc0b4_7,https://image1.ljcdn.com/hdic-resblock/cbe16d5f-fea3-43a8-beb3-cac74e7347cc.jpg.710x400.jpg
b9b0d15647624e0fc1451a0de00e487a,1,b9b0d15647624e0fc1451a0de00e487a_1,https://image1.ljcdn.com/hdic-resblock/8fb6bb98-1cc1-42b3-abff-d5c6974b369f.jpg.710x400.jpg
b9b0d15647624e0fc1451a0de00e487a,2,b9b0d15647624e0fc1451a0de00e487a_2,https://image1.ljcdn.com/hdic-resblock/607a067a-cd53-4d6c-af03-1a457ca2b140.jpg.710x400.jpg
b9b0d15647624e0fc1451a0de00e487a,3,b9b0d15647624e0fc1451a0de00e487a_3,https://image1.ljcdn.com/hdic-resblock/4febf942-c4a3-4c67-847f-dd575cafa477.jpg.710x400.jpg
b9b0d15647624e0fc1451a0de00e487a,4,b9b0d15647624e0fc1451a0de00e487a_4,https://image1.ljcdn.com/hdic-resblock/7d4426bc-2e05-462b-bda8-aa0ffc1140e6.jpg.710x400.jpg
b9b0d15647624e0fc1451a0de00e487a,5,b9b0d15647624e0fc1451a0de00e487a_5,https://image1.ljcdn.com/hdic-resblock/3b827e95-7a45-40e4-ac93-83ba4975cb93.jpg.710x400.jpg
b9b0d15647624e0fc1451a0de00e487a,6,b9b0d15647624e0fc1451a0de00e487a_6,https://image1.ljcdn.com/hdic-resblock/e774cb49-880a-41db-a4f2-10dbe3502b8e.jpg.710x400.jpg
b9b0d15647624e0fc1451a0de00e487a,7,b9b0d15647624e0fc1451a0de00e487a_7,https://image1.ljcdn.com/hdic-resblock/a6abb234-f294-446e-8fca-24538ec9f0cd.jpg.710x400.jpg
b9b0d15647624e0fc1451a0de00e487a,8,b9b0d15647624e0fc1451a0de00e487a_8,https://image1.ljcdn.com/hdic-resblock/3489417d-8720-49b4-9edd-f575b1a75a38.jpg.710x400.jpg
ef83a97a257bcd14b040368d433057dd,1,ef83a97a257bcd14b040368d433057dd_1,https://image1.ljcdn.com/hdic-resblock/8ea2d9f6-7663-4329-a7e2-9e6c790bc984.jpg.710x400.jpg
ef83a97a257bcd14b040368d433057dd,2,ef83a97a257bcd14b040368d433057dd_2,https://image1.ljcdn.com/hdic-resblock/b2ec7195-e0f3-4e7a-9e8c-0ca99a5a16f4.jpg.710x400.jpg
ef83a97a257bcd14b040368d433057dd,3,ef83a97a257bcd14b040368d433057dd_3,https://image1.ljcdn.com/hdic-resblock/aded056c-a24b-4338-bdb0-f48a3eed506e.jpg.710x400.jpg
ef83a97a257bcd14b040368d433057dd,4,ef83a97a257bcd14b040368d433057dd_4,https://image1.ljcdn.com/hdic-resblock/5a35032b-0539-44a1-bee5-a976b796b1f6.jpg.710x400.jpg
ef83a97a257bcd14b040368d433057dd,5,ef83a97a257bcd14b040368d433057dd_5,https://image1.ljcdn.com/hdic-resblock/1d591fc6-6b9f-4e7f-82fe-d59653164ddb.jpg.710x400.jpg
ef83a97a257bcd14b040368d433057dd,6,ef83a97a257bcd14b040368d433057dd_6,https://image1.ljcdn.com/hdic-resblock/b188762b-2b27-45aa-9c7d-b0da9f4b5ac1.jpg.710x400.jpg
ef83a97a257bcd14b040368d433057dd,7,ef83a97a257bcd14b040368d433057dd_7,https://image1.ljcdn.com/hdic-resblock/4b64d313-1c73-47d1-9fc3-1f4902adb616.jpg.710x400.jpg
ef83a97a257bcd14b040368d433057dd,8,ef83a97a257bcd14b040368d433057dd_8,https://image1.ljcdn.com/hdic-resblock/f770bbb7-78b9-40ec-8956-cc3ae0ac3023.jpg.710x400.jpg
ef83a97a257bcd14b040368d433057dd,9,ef83a97a257bcd14b040368d433057dd_9,https://image1.ljcdn.com/hdic-resblock/b2322998-ddc7-49ad-810b-b0682cfdcea1.jpg.710x400.jpg
ef83a97a257bcd14b040368d433057dd,10,ef83a97a257bcd14b040368d433057dd_10,https://image1.ljcdn.com/hdic-resblock/be19e287-fb33-461b-9a04-ff934dc7b889.jpg.710x400.jpg
ef83a97a257bcd14b040368d433057dd,11,ef83a97a257bcd14b040368d433057dd_11,https://image1.ljcdn.com/hdic-resblock/faed3dde-e688-48b1-b3ac-0e39074745c3.jpg.710x400.jpg
ef83a97a257bcd14b040368d433057dd,12,ef83a97a257bcd14b040368d433057dd_12,https://image1.ljcdn.com/hdic-resblock/72fa23a6-ea07-44be-8ff1-5512afd46191.jpg.710x400.jpg
ef83a97a257bcd14b040368d433057dd,13,ef83a97a257bcd14b040368d433057dd_13,https://image1.ljcdn.com/hdic-resblock/59b3ab2d-d249-458a-9919-3f48f09025da.jpg.710x400.jpg
62b14a488e0daecbbc419196ad68483e,1,62b14a488e0daecbbc419196ad68483e_1,https://image1.ljcdn.com/hdic-resblock/6fe34494-dc17-417b-b56c-d640b9bde73e.jpg.710x400.jpg
a905392f211911702c077cc6d68b79a7,1,a905392f211911702c077cc6d68b79a7_1,https://image1.ljcdn.com/hdic-resblock/88e1e9c4-9609-4920-bc70-fec0962eff45.jpg.710x400.jpg
a905392f211911702c077cc6d68b79a7,2,a905392f211911702c077cc6d68b79a7_2,https://image1.ljcdn.com/hdic-resblock/23c79639-e7a6-42f7-89ca-eb28b395f0ee.jpg.710x400.jpg
a905392f211911702c077cc6d68b79a7,3,a905392f211911702c077cc6d68b79a7_3,https://image1.ljcdn.com/hdic-resblock/c8a03af5-3dbb-401f-b090-86788fa52cdf.jpg.710x400.jpg
a905392f211911702c077cc6d68b79a7,4,a905392f211911702c077cc6d68b79a7_4,https://image1.ljcdn.com/hdic-resblock/d79a6964-9be3-4d49-bc53-3d4eac19fc33.jpg.710x400.jpg
a905392f211911702c077cc6d68b79a7,5,a905392f211911702c077cc6d68b79a7_5,https://image1.ljcdn.com/hdic-resblock/93198202-e7fe-4452-b008-7f7d7c629e71.jpg.710x400.jpg
a905392f211911702c077cc6d68b79a7,6,a905392f211911702c077cc6d68b79a7_6,https://image1.ljcdn.com/hdic-resblock/ff8a233f-01bf-42d2-802b-173504c52410.jpg.710x400.jpg
a905392f211911702c077cc6d68b79a7,7,a905392f211911702c077cc6d68b79a7_7,https://image1.ljcdn.com/hdic-resblock/de256729-aaf0-4108-b57b-039c47fd6ef4.jpg.710x400.jpg
a905392f211911702c077cc6d68b79a7,8,a905392f211911702c077cc6d68b79a7_8,https://image1.ljcdn.com/hdic-resblock/2fdc83a0-e114-4a8c-a36b-5c56ef1f877e.jpg.710x400.jpg
a905392f211911702c077cc6d68b79a7,9,a905392f211911702c077cc6d68b79a7_9,https://image1.ljcdn.com/hdic-resblock/c2e07e28-eb1c-4816-9c5e-1a392fe18ade.jpg.710x400.jpg
a905392f211911702c077cc6d68b79a7,10,a905392f211911702c077cc6d68b79a7_10,https://image1.ljcdn.com/hdic-resblock/c47b23e5-8308-4cc7-9d8d-e0a05ad28abf.jpg.710x400.jpg
a905392f211911702c077cc6d68b79a7,11,a905392f211911702c077cc6d68b79a7_11,https://image1.ljcdn.com/hdic-resblock/2b85c87f-c027-43b2-ab93-678b27ef4afe.jpg.710x400.jpg
c90e83422cc8effdf075201fe94dfdfc,1,c90e83422cc8effdf075201fe94dfdfc_1,https://image1.ljcdn.com/hdic-resblock/1c853d96-66a8-4bff-9315-6e42d17f2ac6.jpg.710x400.jpg
c90e83422cc8effdf075201fe94dfdfc,2,c90e83422cc8effdf075201fe94dfdfc_2,https://image1.ljcdn.com/hdic-resblock/3b51c287-ac5e-4a02-bda9-d90704940695.jpg.710x400.jpg
c90e83422cc8effdf075201fe94dfdfc,3,c90e83422cc8effdf075201fe94dfdfc_3,https://image1.ljcdn.com/hdic-resblock/884ee27d-1c92-4f8d-930b-f7d5eadca7e5.jpg.710x400.jpg
c90e83422cc8effdf075201fe94dfdfc,4,c90e83422cc8effdf075201fe94dfdfc_4,https://image1.ljcdn.com/hdic-resblock/faa0ebc3-3f3b-45b2-b073-b918c191b631.jpg.710x400.jpg
c90e83422cc8effdf075201fe94dfdfc,5,c90e83422cc8effdf075201fe94dfdfc_5,https://image1.ljcdn.com/hdic-resblock/87d5892e-18a9-49b5-a12c-bc085b9cbc04.jpg.710x400.jpg
c90e83422cc8effdf075201fe94dfdfc,6,c90e83422cc8effdf075201fe94dfdfc_6,https://image1.ljcdn.com/hdic-resblock/075abc2c-cc1d-4117-9554-d805a665e66e.jpg.710x400.jpg
c90e83422cc8effdf075201fe94dfdfc,7,c90e83422cc8effdf075201fe94dfdfc_7,https://image1.ljcdn.com/hdic-resblock/7602137c-b8dc-4679-9249-1612c41bc83c.jpg.710x400.jpg
c90e83422cc8effdf075201fe94dfdfc,8,c90e83422cc8effdf075201fe94dfdfc_8,https://image1.ljcdn.com/hdic-resblock/c9353bdd-8d0f-4312-8ea2-f8df3a5ac38b.jpg.710x400.jpg
9e90c5f7d4d56729c17c725cb7565e12,1,9e90c5f7d4d56729c17c725cb7565e12_1,https://image1.ljcdn.com/hdic-resblock/7a091b11-92b8-4f46-8025-6cd36b0fbb14.jpg.710x400.jpg
9e90c5f7d4d56729c17c725cb7565e12,2,9e90c5f7d4d56729c17c725cb7565e12_2,https://image1.ljcdn.com/hdic-resblock/98851de9-7266-45ad-8243-528cc0a059ae.jpg.710x400.jpg
9e90c5f7d4d56729c17c725cb7565e12,3,9e90c5f7d4d56729c17c725cb7565e12_3,https://image1.ljcdn.com/hdic-resblock/513e21a9-975c-465b-82e0-137dbc8c2d10.jpg.710x400.jpg
430f1e374f8dfcf5c4e7d587084229b7,1,430f1e374f8dfcf5c4e7d587084229b7_1,https://image1.ljcdn.com/hdic-resblock/fed4927d-2f99-4878-9f64-ca12ec29f53b.jpg.710x400.jpg
430f1e374f8dfcf5c4e7d587084229b7,2,430f1e374f8dfcf5c4e7d587084229b7_2,https://image1.ljcdn.com/hdic-resblock/b74280fa-9df5-41c2-93fd-39a697ec7096.jpg.710x400.jpg
430f1e374f8dfcf5c4e7d587084229b7,3,430f1e374f8dfcf5c4e7d587084229b7_3,https://image1.ljcdn.com/hdic-resblock/090a8f43-e965-4c6e-9301-80efdba39835.jpg.710x400.jpg
430f1e374f8dfcf5c4e7d587084229b7,4,430f1e374f8dfcf5c4e7d587084229b7_4,https://image1.ljcdn.com/hdic-resblock/3ad1ba8c-e5ef-4e41-981a-3406299e137a.jpg.710x400.jpg
430f1e374f8dfcf5c4e7d587084229b7,5,430f1e374f8dfcf5c4e7d587084229b7_5,https://image1.ljcdn.com/hdic-resblock/d7edd9b3-a52a-4c82-831c-e32e3003f5df.jpg.710x400.jpg
430f1e374f8dfcf5c4e7d587084229b7,6,430f1e374f8dfcf5c4e7d587084229b7_6,https://image1.ljcdn.com/hdic-resblock/b5653765-80d3-4593-b70f-c1ee72439bc6.jpg.710x400.jpg
430f1e374f8dfcf5c4e7d587084229b7,7,430f1e374f8dfcf5c4e7d587084229b7_7,https://image1.ljcdn.com/hdic-resblock/a5200848-335b-4563-a703-6065362a66c5.jpg.710x400.jpg
430f1e374f8dfcf5c4e7d587084229b7,8,430f1e374f8dfcf5c4e7d587084229b7_8,https://image1.ljcdn.com/hdic-resblock/b6e9196c-5b96-449d-8d65-6c880696cd9a.jpg.710x400.jpg
430f1e374f8dfcf5c4e7d587084229b7,9,430f1e374f8dfcf5c4e7d587084229b7_9,https://image1.ljcdn.com/hdic-resblock/dab70ca7-2353-4976-b8b9-2e40cf317a65.jpg.710x400.jpg
430f1e374f8dfcf5c4e7d587084229b7,10,430f1e374f8dfcf5c4e7d587084229b7_10,https://image1.ljcdn.com/hdic-resblock/543fab3d-b6fa-4df7-98b0-b35dafec73de.jpg.710x400.jpg
430f1e374f8dfcf5c4e7d587084229b7,11,430f1e374f8dfcf5c4e7d587084229b7_11,https://image1.ljcdn.com/hdic-resblock/8c0baf17-e452-4701-bfd6-9d71013c0085.jpg.710x400.jpg
430f1e374f8dfcf5c4e7d587084229b7,12,430f1e374f8dfcf5c4e7d587084229b7_12,https://image1.ljcdn.com/hdic-resblock/e0ca0580-3493-41cf-9428-d5e61b807aba.jpg.710x400.jpg
430f1e374f8dfcf5c4e7d587084229b7,13,430f1e374f8dfcf5c4e7d587084229b7_13,https://image1.ljcdn.com/hdic-resblock/40b47893-64c6-4101-8f70-91624a7650ba.jpg.710x400.jpg
430f1e374f8dfcf5c4e7d587084229b7,14,430f1e374f8dfcf5c4e7d587084229b7_14,https://image1.ljcdn.com/hdic-resblock/9b371d8d-cb7d-42d3-a23e-8d55f2943739.jpg.710x400.jpg
9a29c7072d4445705c268b0616b42c41,1,9a29c7072d4445705c268b0616b42c41_1,https://image1.ljcdn.com/hdic-resblock/cbd6e5e1-17f6-4442-98b1-6b1930d68c15.jpg.710x400.jpg
d3c022089149fd9f472a4d742703323c,1,d3c022089149fd9f472a4d742703323c_1,https://image1.ljcdn.com/hdic-resblock/48407e3e-d6f2-4845-970b-7f49d5c67bff.jpg.710x400.jpg
d3c022089149fd9f472a4d742703323c,2,d3c022089149fd9f472a4d742703323c_2,https://image1.ljcdn.com/hdic-resblock/40102928-1b55-4f21-913d-5a2f5dbb951e.jpg.710x400.jpg
d3c022089149fd9f472a4d742703323c,3,d3c022089149fd9f472a4d742703323c_3,https://image1.ljcdn.com/hdic-resblock/57c8ec7a-5137-4e6b-8917-014e3d83f91b.jpg.710x400.jpg
d3c022089149fd9f472a4d742703323c,4,d3c022089149fd9f472a4d742703323c_4,https://image1.ljcdn.com/hdic-resblock/7834ad29-0fc7-436a-b7e3-3ca7f36d9713.jpg.710x400.jpg
d3c022089149fd9f472a4d742703323c,5,d3c022089149fd9f472a4d742703323c_5,https://image1.ljcdn.com/hdic-resblock/7c4cdb7a-807d-43eb-a254-915b51e5d2e7.jpg.710x400.jpg
d3c022089149fd9f472a4d742703323c,6,d3c022089149fd9f472a4d742703323c_6,https://image1.ljcdn.com/hdic-resblock/0eef6c40-7cc6-41bc-a187-0cb6af4d3793.jpg.710x400.jpg
d3c022089149fd9f472a4d742703323c,7,d3c022089149fd9f472a4d742703323c_7,https://image1.ljcdn.com/hdic-resblock/9413d603-0328-4d81-b55d-2ce9a8b610ab.jpg.710x400.jpg
d3c022089149fd9f472a4d742703323c,8,d3c022089149fd9f472a4d742703323c_8,https://image1.ljcdn.com/hdic-resblock/38c108a9-0084-4f7d-96d8-9d4b7cc2cc3b.jpg.710x400.jpg
d3c022089149fd9f472a4d742703323c,9,d3c022089149fd9f472a4d742703323c_9,https://image1.ljcdn.com/hdic-resblock/97a689c1-1f15-4198-afaf-59988eb72327.jpg.710x400.jpg
d3c022089149fd9f472a4d742703323c,10,d3c022089149fd9f472a4d742703323c_10,https://image1.ljcdn.com/hdic-resblock/52a66cdd-ed86-4054-b5e2-1aa196ee30a0.jpg.710x400.jpg
d3c022089149fd9f472a4d742703323c,11,d3c022089149fd9f472a4d742703323c_11,https://image1.ljcdn.com/hdic-resblock/cffad5c9-9270-4995-bf8b-91638ebddec4.jpg.710x400.jpg
d3c022089149fd9f472a4d742703323c,12,d3c022089149fd9f472a4d742703323c_12,https://image1.ljcdn.com/hdic-resblock/dd64d896-03f5-45c3-a09c-5044ffff8ae8.jpg.710x400.jpg
d3c022089149fd9f472a4d742703323c,13,d3c022089149fd9f472a4d742703323c_13,https://image1.ljcdn.com/hdic-resblock/0e86e356-6f74-4560-99cc-ef1a42a6f57b.jpg.710x400.jpg
d3c022089149fd9f472a4d742703323c,14,d3c022089149fd9f472a4d742703323c_14,https://image1.ljcdn.com/hdic-resblock/e68b3ff8-2b2c-46ff-b42d-bc76149d7caf.jpg.710x400.jpg
be9b2b2b8a1396f15bb362cd8068130d,1,be9b2b2b8a1396f15bb362cd8068130d_1,https://image1.ljcdn.com/hdic-resblock/9df0e699-0827-42ae-9769-ea31dfdee0e5.jpg.710x400.jpg
be9b2b2b8a1396f15bb362cd8068130d,2,be9b2b2b8a1396f15bb362cd8068130d_2,https://image1.ljcdn.com/hdic-resblock/bace4ec2-ab79-414e-a931-e2d1c2e20af1.jpg.710x400.jpg
be9b2b2b8a1396f15bb362cd8068130d,3,be9b2b2b8a1396f15bb362cd8068130d_3,https://image1.ljcdn.com/hdic-resblock/757cf422-6606-4ec6-9a4e-a8e77549317f.jpg.710x400.jpg
be9b2b2b8a1396f15bb362cd8068130d,4,be9b2b2b8a1396f15bb362cd8068130d_4,https://image1.ljcdn.com/hdic-resblock/204fcff6-0ce8-43bf-945d-7f2a790931b6.jpg.710x400.jpg
be9b2b2b8a1396f15bb362cd8068130d,5,be9b2b2b8a1396f15bb362cd8068130d_5,https://image1.ljcdn.com/hdic-resblock/672f010a-0451-4afa-aeab-8a8ca7b51813.jpg.710x400.jpg
be9b2b2b8a1396f15bb362cd8068130d,6,be9b2b2b8a1396f15bb362cd8068130d_6,https://image1.ljcdn.com/hdic-resblock/29c89f05-d1db-4a8a-bce0-5531e7e07232.jpg.710x400.jpg
be9b2b2b8a1396f15bb362cd8068130d,7,be9b2b2b8a1396f15bb362cd8068130d_7,https://image1.ljcdn.com/hdic-resblock/b9401b16-4889-433d-8491-e49a691ac0e4.jpg.710x400.jpg
be9b2b2b8a1396f15bb362cd8068130d,8,be9b2b2b8a1396f15bb362cd8068130d_8,https://image1.ljcdn.com/hdic-resblock/a7e66fc6-a483-4946-ae60-0b264d50f14e.jpg.710x400.jpg
be9b2b2b8a1396f15bb362cd8068130d,9,be9b2b2b8a1396f15bb362cd8068130d_9,https://image1.ljcdn.com/hdic-resblock/b273587a-04f7-4fcd-b215-1ab2dcc1a76b.jpg.710x400.jpg
be9b2b2b8a1396f15bb362cd8068130d,10,be9b2b2b8a1396f15bb362cd8068130d_10,https://image1.ljcdn.com/hdic-resblock/c9df000c-cbb4-4475-8837-a9de7f574435.jpg.710x400.jpg
be9b2b2b8a1396f15bb362cd8068130d,11,be9b2b2b8a1396f15bb362cd8068130d_11,https://image1.ljcdn.com/hdic-resblock/63485613-bb5e-42f7-89da-365b4584163d.jpg.710x400.jpg
be9b2b2b8a1396f15bb362cd8068130d,12,be9b2b2b8a1396f15bb362cd8068130d_12,https://image1.ljcdn.com/hdic-resblock/814dceba-69b7-4199-af23-8e34802373fa.jpg.710x400.jpg
7e02b11cd79d13c0d77ab8370076df3b,1,7e02b11cd79d13c0d77ab8370076df3b_1,https://image1.ljcdn.com/hdic-resblock/fc9c0845-2462-414c-b826-7ffc5561f977.jpg.710x400.jpg
7e02b11cd79d13c0d77ab8370076df3b,2,7e02b11cd79d13c0d77ab8370076df3b_2,https://image1.ljcdn.com/hdic-resblock/53ba7ccb-1e00-40d6-a858-c7768c3a7f63.jpg.710x400.jpg
7e02b11cd79d13c0d77ab8370076df3b,3,7e02b11cd79d13c0d77ab8370076df3b_3,https://image1.ljcdn.com/hdic-resblock/d1124578-4209-460b-bce2-dbf280cb872f.jpg.710x400.jpg
7e02b11cd79d13c0d77ab8370076df3b,4,7e02b11cd79d13c0d77ab8370076df3b_4,https://image1.ljcdn.com/hdic-resblock/8d6294cd-b574-4a96-8610-e81e7ce554b7.jpg.710x400.jpg
7e02b11cd79d13c0d77ab8370076df3b,5,7e02b11cd79d13c0d77ab8370076df3b_5,https://image1.ljcdn.com/hdic-resblock/524fbcd9-7ca8-4876-a6cb-2b3072f6a2e8.jpg.710x400.jpg
7e02b11cd79d13c0d77ab8370076df3b,6,7e02b11cd79d13c0d77ab8370076df3b_6,https://image1.ljcdn.com/hdic-resblock/54a6fd16-0eb6-400b-b5cd-ca9d9897c27f.jpg.710x400.jpg
7e02b11cd79d13c0d77ab8370076df3b,7,7e02b11cd79d13c0d77ab8370076df3b_7,https://image1.ljcdn.com/hdic-resblock/d97253b5-e6f9-4b14-ae7a-834c37493d12.jpg.710x400.jpg
7e02b11cd79d13c0d77ab8370076df3b,8,7e02b11cd79d13c0d77ab8370076df3b_8,https://image1.ljcdn.com/hdic-resblock/9a1d6606-e096-421d-a349-75b4d4afa0a7.jpg.710x400.jpg
7e02b11cd79d13c0d77ab8370076df3b,9,7e02b11cd79d13c0d77ab8370076df3b_9,https://image1.ljcdn.com/hdic-resblock/40af208d-b6d0-49cb-961f-06568808e2bc.jpg.710x400.jpg
